{
  "successful": 49518,
  "failed": 0,
  "cost": 1.0844442000002628,
  "timestamp": "2025-02-06T19:27:46.341418"
}
