{
  "successful": 11,
  "failed": 0,
  "cost": 0.00024089999999999995,
  "timestamp": "2025-02-05T21:12:27.743371"
}
